<?xml version="1.0" encoding="UTF-8"?>
<project-private xmlns="http://www.netbeans.org/ns/project-private/1">
    <editor-bookmarks xmlns="http://www.netbeans.org/ns/editor-bookmarks/2" lastBookmarkId="0"/>
    <open-files xmlns="http://www.netbeans.org/ns/projectui-open-files/2">
        <group>
            <file>file:/C:/Users/11437/Desktop/GS-Dongle-PIC16F15345-868-2.4.X/funtion/CRC/src/crc.h</file>
            <file>file:/C:/Users/11437/Desktop/GS-Dongle-PIC16F15345-868-2.4.X/main.c</file>
            <file>file:/C:/Users/11437/Desktop/GS-Dongle-PIC16F15345-868-2.4.X/funtion/LED/scl/led.c</file>
            <file>file:/C:/Users/11437/Desktop/GS-Dongle-PIC16F15345-868-2.4.X/funtion/NFC/scl/nfc.c</file>
            <file>file:/C:/Users/11437/Desktop/GS-Dongle-PIC16F15345-868-2.4.X/mcc_generated_files/interrupt_manager.c</file>
            <file>file:/C:/Users/11437/Desktop/GS-Dongle-PIC16F15345-868-2.4.X/funtion/LED/src/led.h</file>
            <file>file:/C:/Users/11437/Desktop/GS-Dongle-PIC16F15345-868-2.4.X/funtion/APBAT/scl/apbat.c</file>
            <file>file:/C:/Users/11437/Desktop/GS-Dongle-PIC16F15345-868-2.4.X/funtion/CRC/scl/crc.c</file>
            <file>file:/C:/Users/11437/Desktop/GS-Dongle-PIC16F15345-868-2.4.X/funtion/APBAT/scr/apbat.h</file>
            <file>file:/C:/Users/11437/Desktop/GS-Dongle-PIC16F15345-868-2.4.X/funtion/NFC/scr/nfc.h</file>
            <file>file:/C:/Users/11437/Desktop/GS-Dongle-PIC16F15345-868-2.4.X/funtion/SYS/src/sys.h</file>
        </group>
    </open-files>
</project-private>
